case_name,predicted_output,expected_output,correct,scored,expt_name
valid.00000,**exception raised**: litellm.AuthenticationError: AuthenticationError: Together_aiException - The api_key client option must be set either by passing api_key to the client or by setting the TOGETHER_AI_API_KEY environment variable,127.4,0.0,True,structured_baseline
valid.00001,**exception raised**: litellm.AuthenticationError: AuthenticationError: Together_aiException - The api_key client option must be set either by passing api_key to the client or by setting the TOGETHER_AI_API_KEY environment variable,0.935,0.0,True,structured_baseline
valid.00002,**exception raised**: litellm.AuthenticationError: AuthenticationError: Together_aiException - The api_key client option must be set either by passing api_key to the client or by setting the TOGETHER_AI_API_KEY environment variable,24.69136,0.0,True,structured_baseline
valid.00003,**exception raised**: litellm.AuthenticationError: AuthenticationError: Together_aiException - The api_key client option must be set either by passing api_key to the client or by setting the TOGETHER_AI_API_KEY environment variable,19.2,0.0,True,structured_baseline
valid.00004,**exception raised**: litellm.AuthenticationError: AuthenticationError: Together_aiException - The api_key client option must be set either by passing api_key to the client or by setting the TOGETHER_AI_API_KEY environment variable,0.60306,0.0,True,structured_baseline
valid.00005,**exception raised**: litellm.AuthenticationError: AuthenticationError: Together_aiException - The api_key client option must be set either by passing api_key to the client or by setting the TOGETHER_AI_API_KEY environment variable,688.0,0.0,True,structured_baseline
valid.00006,**exception raised**: litellm.AuthenticationError: AuthenticationError: Together_aiException - The api_key client option must be set either by passing api_key to the client or by setting the TOGETHER_AI_API_KEY environment variable,0.10935,0.0,True,structured_baseline
valid.00007,**exception raised**: litellm.AuthenticationError: AuthenticationError: Together_aiException - The api_key client option must be set either by passing api_key to the client or by setting the TOGETHER_AI_API_KEY environment variable,30.44323,0.0,True,structured_baseline
valid.00008,**exception raised**: litellm.AuthenticationError: AuthenticationError: Together_aiException - The api_key client option must be set either by passing api_key to the client or by setting the TOGETHER_AI_API_KEY environment variable,995.0,0.0,True,structured_baseline
valid.00009,**exception raised**: litellm.AuthenticationError: AuthenticationError: Together_aiException - The api_key client option must be set either by passing api_key to the client or by setting the TOGETHER_AI_API_KEY environment variable,3576.0,0.0,True,structured_baseline
valid.00010,**exception raised**: litellm.AuthenticationError: AuthenticationError: Together_aiException - The api_key client option must be set either by passing api_key to the client or by setting the TOGETHER_AI_API_KEY environment variable,0.2,0.0,True,structured_baseline
valid.00011,**exception raised**: litellm.AuthenticationError: AuthenticationError: Together_aiException - The api_key client option must be set either by passing api_key to the client or by setting the TOGETHER_AI_API_KEY environment variable,0.56197,0.0,True,structured_baseline
valid.00012,**exception raised**: litellm.AuthenticationError: AuthenticationError: Together_aiException - The api_key client option must be set either by passing api_key to the client or by setting the TOGETHER_AI_API_KEY environment variable,-1.9,0.0,True,structured_baseline
valid.00013,**exception raised**: litellm.AuthenticationError: AuthenticationError: Together_aiException - The api_key client option must be set either by passing api_key to the client or by setting the TOGETHER_AI_API_KEY environment variable,114.0,0.0,True,structured_baseline
valid.00014,**exception raised**: litellm.AuthenticationError: AuthenticationError: Together_aiException - The api_key client option must be set either by passing api_key to the client or by setting the TOGETHER_AI_API_KEY environment variable,2057.0,0.0,True,structured_baseline
valid.00015,**exception raised**: litellm.AuthenticationError: AuthenticationError: Together_aiException - The api_key client option must be set either by passing api_key to the client or by setting the TOGETHER_AI_API_KEY environment variable,0.34011,0.0,True,structured_baseline
valid.00016,**exception raised**: litellm.AuthenticationError: AuthenticationError: Together_aiException - The api_key client option must be set either by passing api_key to the client or by setting the TOGETHER_AI_API_KEY environment variable,-0.52485,0.0,True,structured_baseline
valid.00017,**exception raised**: litellm.AuthenticationError: AuthenticationError: Together_aiException - The api_key client option must be set either by passing api_key to the client or by setting the TOGETHER_AI_API_KEY environment variable,0.35099,0.0,True,structured_baseline
valid.00018,**exception raised**: litellm.AuthenticationError: AuthenticationError: Together_aiException - The api_key client option must be set either by passing api_key to the client or by setting the TOGETHER_AI_API_KEY environment variable,0.19495,0.0,True,structured_baseline
valid.00019,**exception raised**: litellm.AuthenticationError: AuthenticationError: Together_aiException - The api_key client option must be set either by passing api_key to the client or by setting the TOGETHER_AI_API_KEY environment variable,7.22222,0.0,True,structured_baseline
valid.00020,**exception raised**: litellm.AuthenticationError: AuthenticationError: Together_aiException - The api_key client option must be set either by passing api_key to the client or by setting the TOGETHER_AI_API_KEY environment variable,44.8,0.0,True,structured_baseline
valid.00021,**exception raised**: litellm.AuthenticationError: AuthenticationError: Together_aiException - The api_key client option must be set either by passing api_key to the client or by setting the TOGETHER_AI_API_KEY environment variable,1.15663,0.0,True,structured_baseline
valid.00022,**exception raised**: litellm.AuthenticationError: AuthenticationError: Together_aiException - The api_key client option must be set either by passing api_key to the client or by setting the TOGETHER_AI_API_KEY environment variable,0.72825,0.0,True,structured_baseline
valid.00023,**exception raised**: litellm.AuthenticationError: AuthenticationError: Together_aiException - The api_key client option must be set either by passing api_key to the client or by setting the TOGETHER_AI_API_KEY environment variable,4575515.0,0.0,True,structured_baseline
valid.00024,**exception raised**: litellm.AuthenticationError: AuthenticationError: Together_aiException - The api_key client option must be set either by passing api_key to the client or by setting the TOGETHER_AI_API_KEY environment variable,2.75566,0.0,True,structured_baseline
valid.00025,**exception raised**: litellm.AuthenticationError: AuthenticationError: Together_aiException - The api_key client option must be set either by passing api_key to the client or by setting the TOGETHER_AI_API_KEY environment variable,-1.0,0.0,True,structured_baseline
valid.00026,**exception raised**: litellm.AuthenticationError: AuthenticationError: Together_aiException - The api_key client option must be set either by passing api_key to the client or by setting the TOGETHER_AI_API_KEY environment variable,0.02581,0.0,True,structured_baseline
valid.00027,**exception raised**: litellm.AuthenticationError: AuthenticationError: Together_aiException - The api_key client option must be set either by passing api_key to the client or by setting the TOGETHER_AI_API_KEY environment variable,-0.03024,0.0,True,structured_baseline
valid.00028,**exception raised**: litellm.AuthenticationError: AuthenticationError: Together_aiException - The api_key client option must be set either by passing api_key to the client or by setting the TOGETHER_AI_API_KEY environment variable,0.33333,0.0,True,structured_baseline
valid.00029,**exception raised**: litellm.AuthenticationError: AuthenticationError: Together_aiException - The api_key client option must be set either by passing api_key to the client or by setting the TOGETHER_AI_API_KEY environment variable,0.14336,0.0,True,structured_baseline
valid.00030,**exception raised**: litellm.AuthenticationError: AuthenticationError: Together_aiException - The api_key client option must be set either by passing api_key to the client or by setting the TOGETHER_AI_API_KEY environment variable,-11.33333,0.0,True,structured_baseline
valid.00031,**exception raised**: litellm.AuthenticationError: AuthenticationError: Together_aiException - The api_key client option must be set either by passing api_key to the client or by setting the TOGETHER_AI_API_KEY environment variable,0.86847,0.0,True,structured_baseline
valid.00032,**exception raised**: litellm.AuthenticationError: AuthenticationError: Together_aiException - The api_key client option must be set either by passing api_key to the client or by setting the TOGETHER_AI_API_KEY environment variable,-0.20646,0.0,True,structured_baseline
valid.00033,**exception raised**: litellm.AuthenticationError: AuthenticationError: Together_aiException - The api_key client option must be set either by passing api_key to the client or by setting the TOGETHER_AI_API_KEY environment variable,778000.0,0.0,True,structured_baseline
valid.00034,**exception raised**: litellm.AuthenticationError: AuthenticationError: Together_aiException - The api_key client option must be set either by passing api_key to the client or by setting the TOGETHER_AI_API_KEY environment variable,2.62,0.0,True,structured_baseline
valid.00035,**exception raised**: litellm.AuthenticationError: AuthenticationError: Together_aiException - The api_key client option must be set either by passing api_key to the client or by setting the TOGETHER_AI_API_KEY environment variable,4.85514,0.0,True,structured_baseline
valid.00036,**exception raised**: litellm.AuthenticationError: AuthenticationError: Together_aiException - The api_key client option must be set either by passing api_key to the client or by setting the TOGETHER_AI_API_KEY environment variable,-0.0339,0.0,True,structured_baseline
valid.00037,**exception raised**: litellm.AuthenticationError: AuthenticationError: Together_aiException - The api_key client option must be set either by passing api_key to the client or by setting the TOGETHER_AI_API_KEY environment variable,0.3781,0.0,True,structured_baseline
valid.00038,**exception raised**: litellm.AuthenticationError: AuthenticationError: Together_aiException - The api_key client option must be set either by passing api_key to the client or by setting the TOGETHER_AI_API_KEY environment variable,3.8,0.0,True,structured_baseline
valid.00039,**exception raised**: litellm.AuthenticationError: AuthenticationError: Together_aiException - The api_key client option must be set either by passing api_key to the client or by setting the TOGETHER_AI_API_KEY environment variable,28987.0,0.0,True,structured_baseline
valid.00040,**exception raised**: litellm.AuthenticationError: AuthenticationError: Together_aiException - The api_key client option must be set either by passing api_key to the client or by setting the TOGETHER_AI_API_KEY environment variable,1041.531,0.0,True,structured_baseline
valid.00041,**exception raised**: litellm.AuthenticationError: AuthenticationError: Together_aiException - The api_key client option must be set either by passing api_key to the client or by setting the TOGETHER_AI_API_KEY environment variable,0.03204,0.0,True,structured_baseline
valid.00042,**exception raised**: litellm.AuthenticationError: AuthenticationError: Together_aiException - The api_key client option must be set either by passing api_key to the client or by setting the TOGETHER_AI_API_KEY environment variable,0.01424,0.0,True,structured_baseline
valid.00043,**exception raised**: litellm.AuthenticationError: AuthenticationError: Together_aiException - The api_key client option must be set either by passing api_key to the client or by setting the TOGETHER_AI_API_KEY environment variable,0.0,0.0,True,structured_baseline
valid.00044,**exception raised**: litellm.AuthenticationError: AuthenticationError: Together_aiException - The api_key client option must be set either by passing api_key to the client or by setting the TOGETHER_AI_API_KEY environment variable,0.06354,0.0,True,structured_baseline
valid.00045,**exception raised**: litellm.AuthenticationError: AuthenticationError: Together_aiException - The api_key client option must be set either by passing api_key to the client or by setting the TOGETHER_AI_API_KEY environment variable,1.04852,0.0,True,structured_baseline
valid.00046,**exception raised**: litellm.AuthenticationError: AuthenticationError: Together_aiException - The api_key client option must be set either by passing api_key to the client or by setting the TOGETHER_AI_API_KEY environment variable,22556579533.35,0.0,True,structured_baseline
valid.00047,**exception raised**: litellm.AuthenticationError: AuthenticationError: Together_aiException - The api_key client option must be set either by passing api_key to the client or by setting the TOGETHER_AI_API_KEY environment variable,3098.0,0.0,True,structured_baseline
valid.00048,**exception raised**: litellm.AuthenticationError: AuthenticationError: Together_aiException - The api_key client option must be set either by passing api_key to the client or by setting the TOGETHER_AI_API_KEY environment variable,0.57031,0.0,True,structured_baseline
valid.00049,**exception raised**: litellm.AuthenticationError: AuthenticationError: Together_aiException - The api_key client option must be set either by passing api_key to the client or by setting the TOGETHER_AI_API_KEY environment variable,-4088.33333,0.0,True,structured_baseline
valid.00050,**exception raised**: litellm.AuthenticationError: AuthenticationError: Together_aiException - The api_key client option must be set either by passing api_key to the client or by setting the TOGETHER_AI_API_KEY environment variable,4.0,0.0,True,structured_baseline
valid.00051,**exception raised**: litellm.AuthenticationError: AuthenticationError: Together_aiException - The api_key client option must be set either by passing api_key to the client or by setting the TOGETHER_AI_API_KEY environment variable,0.21651,0.0,True,structured_baseline
valid.00052,**exception raised**: litellm.AuthenticationError: AuthenticationError: Together_aiException - The api_key client option must be set either by passing api_key to the client or by setting the TOGETHER_AI_API_KEY environment variable,-16.0,0.0,True,structured_baseline
valid.00053,**exception raised**: litellm.AuthenticationError: AuthenticationError: Together_aiException - The api_key client option must be set either by passing api_key to the client or by setting the TOGETHER_AI_API_KEY environment variable,28434.0,0.0,True,structured_baseline
valid.00054,**exception raised**: litellm.AuthenticationError: AuthenticationError: Together_aiException - The api_key client option must be set either by passing api_key to the client or by setting the TOGETHER_AI_API_KEY environment variable,1.25,0.0,True,structured_baseline
valid.00055,**exception raised**: litellm.AuthenticationError: AuthenticationError: Together_aiException - The api_key client option must be set either by passing api_key to the client or by setting the TOGETHER_AI_API_KEY environment variable,244.0,0.0,True,structured_baseline
valid.00056,**exception raised**: litellm.AuthenticationError: AuthenticationError: Together_aiException - The api_key client option must be set either by passing api_key to the client or by setting the TOGETHER_AI_API_KEY environment variable,-0.04097,0.0,True,structured_baseline
valid.00057,**exception raised**: litellm.AuthenticationError: AuthenticationError: Together_aiException - The api_key client option must be set either by passing api_key to the client or by setting the TOGETHER_AI_API_KEY environment variable,0.21333,0.0,True,structured_baseline
valid.00058,**exception raised**: litellm.AuthenticationError: AuthenticationError: Together_aiException - The api_key client option must be set either by passing api_key to the client or by setting the TOGETHER_AI_API_KEY environment variable,6.39597,0.0,True,structured_baseline
valid.00059,**exception raised**: litellm.AuthenticationError: AuthenticationError: Together_aiException - The api_key client option must be set either by passing api_key to the client or by setting the TOGETHER_AI_API_KEY environment variable,1.66387,0.0,True,structured_baseline
valid.00060,**exception raised**: litellm.AuthenticationError: AuthenticationError: Together_aiException - The api_key client option must be set either by passing api_key to the client or by setting the TOGETHER_AI_API_KEY environment variable,1.0,0.0,True,structured_baseline
valid.00061,**exception raised**: litellm.AuthenticationError: AuthenticationError: Together_aiException - The api_key client option must be set either by passing api_key to the client or by setting the TOGETHER_AI_API_KEY environment variable,0.59356,0.0,True,structured_baseline
valid.00062,**exception raised**: litellm.AuthenticationError: AuthenticationError: Together_aiException - The api_key client option must be set either by passing api_key to the client or by setting the TOGETHER_AI_API_KEY environment variable,0.25853,0.0,True,structured_baseline
valid.00063,**exception raised**: litellm.AuthenticationError: AuthenticationError: Together_aiException - The api_key client option must be set either by passing api_key to the client or by setting the TOGETHER_AI_API_KEY environment variable,0.78253,0.0,True,structured_baseline
valid.00064,**exception raised**: litellm.AuthenticationError: AuthenticationError: Together_aiException - The api_key client option must be set either by passing api_key to the client or by setting the TOGETHER_AI_API_KEY environment variable,-0.13377,0.0,True,structured_baseline
valid.00065,**exception raised**: litellm.AuthenticationError: AuthenticationError: Together_aiException - The api_key client option must be set either by passing api_key to the client or by setting the TOGETHER_AI_API_KEY environment variable,0.9349,0.0,True,structured_baseline
valid.00066,**exception raised**: litellm.AuthenticationError: AuthenticationError: Together_aiException - The api_key client option must be set either by passing api_key to the client or by setting the TOGETHER_AI_API_KEY environment variable,-0.35616,0.0,True,structured_baseline
valid.00067,**exception raised**: litellm.AuthenticationError: AuthenticationError: Together_aiException - The api_key client option must be set either by passing api_key to the client or by setting the TOGETHER_AI_API_KEY environment variable,0.07491,0.0,True,structured_baseline
valid.00068,**exception raised**: litellm.AuthenticationError: AuthenticationError: Together_aiException - The api_key client option must be set either by passing api_key to the client or by setting the TOGETHER_AI_API_KEY environment variable,16750002.0,0.0,True,structured_baseline
valid.00069,**exception raised**: litellm.AuthenticationError: AuthenticationError: Together_aiException - The api_key client option must be set either by passing api_key to the client or by setting the TOGETHER_AI_API_KEY environment variable,0.1613,0.0,True,structured_baseline
valid.00070,**exception raised**: litellm.AuthenticationError: AuthenticationError: Together_aiException - The api_key client option must be set either by passing api_key to the client or by setting the TOGETHER_AI_API_KEY environment variable,-0.03643,0.0,True,structured_baseline
valid.00071,**exception raised**: litellm.AuthenticationError: AuthenticationError: Together_aiException - The api_key client option must be set either by passing api_key to the client or by setting the TOGETHER_AI_API_KEY environment variable,-0.1239,0.0,True,structured_baseline
valid.00072,**exception raised**: litellm.AuthenticationError: AuthenticationError: Together_aiException - The api_key client option must be set either by passing api_key to the client or by setting the TOGETHER_AI_API_KEY environment variable,1e-05,0.0,True,structured_baseline
valid.00073,**exception raised**: litellm.AuthenticationError: AuthenticationError: Together_aiException - The api_key client option must be set either by passing api_key to the client or by setting the TOGETHER_AI_API_KEY environment variable,0.65078,0.0,True,structured_baseline
valid.00074,**exception raised**: litellm.AuthenticationError: AuthenticationError: Together_aiException - The api_key client option must be set either by passing api_key to the client or by setting the TOGETHER_AI_API_KEY environment variable,40444920.0,0.0,True,structured_baseline
valid.00075,**exception raised**: litellm.AuthenticationError: AuthenticationError: Together_aiException - The api_key client option must be set either by passing api_key to the client or by setting the TOGETHER_AI_API_KEY environment variable,1.7,0.0,True,structured_baseline
valid.00076,**exception raised**: litellm.AuthenticationError: AuthenticationError: Together_aiException - The api_key client option must be set either by passing api_key to the client or by setting the TOGETHER_AI_API_KEY environment variable,0.05504,0.0,True,structured_baseline
valid.00077,**exception raised**: litellm.AuthenticationError: AuthenticationError: Together_aiException - The api_key client option must be set either by passing api_key to the client or by setting the TOGETHER_AI_API_KEY environment variable,0.20972,0.0,True,structured_baseline
valid.00078,**exception raised**: litellm.AuthenticationError: AuthenticationError: Together_aiException - The api_key client option must be set either by passing api_key to the client or by setting the TOGETHER_AI_API_KEY environment variable,1.0499,0.0,True,structured_baseline
valid.00079,**exception raised**: litellm.AuthenticationError: AuthenticationError: Together_aiException - The api_key client option must be set either by passing api_key to the client or by setting the TOGETHER_AI_API_KEY environment variable,0.0289,0.0,True,structured_baseline
valid.00080,**exception raised**: litellm.AuthenticationError: AuthenticationError: Together_aiException - The api_key client option must be set either by passing api_key to the client or by setting the TOGETHER_AI_API_KEY environment variable,1.69312,0.0,True,structured_baseline
valid.00081,**exception raised**: litellm.AuthenticationError: AuthenticationError: Together_aiException - The api_key client option must be set either by passing api_key to the client or by setting the TOGETHER_AI_API_KEY environment variable,0.08861,0.0,True,structured_baseline
valid.00082,**exception raised**: litellm.AuthenticationError: AuthenticationError: Together_aiException - The api_key client option must be set either by passing api_key to the client or by setting the TOGETHER_AI_API_KEY environment variable,0.22556,0.0,True,structured_baseline
valid.00083,**exception raised**: litellm.AuthenticationError: AuthenticationError: Together_aiException - The api_key client option must be set either by passing api_key to the client or by setting the TOGETHER_AI_API_KEY environment variable,-0.2004,0.0,True,structured_baseline
valid.00084,**exception raised**: litellm.AuthenticationError: AuthenticationError: Together_aiException - The api_key client option must be set either by passing api_key to the client or by setting the TOGETHER_AI_API_KEY environment variable,0.01266,0.0,True,structured_baseline
valid.00085,**exception raised**: litellm.AuthenticationError: AuthenticationError: Together_aiException - The api_key client option must be set either by passing api_key to the client or by setting the TOGETHER_AI_API_KEY environment variable,-0.01072,0.0,True,structured_baseline
valid.00086,**exception raised**: litellm.AuthenticationError: AuthenticationError: Together_aiException - The api_key client option must be set either by passing api_key to the client or by setting the TOGETHER_AI_API_KEY environment variable,1063076.5,0.0,True,structured_baseline
valid.00087,**exception raised**: litellm.AuthenticationError: AuthenticationError: Together_aiException - The api_key client option must be set either by passing api_key to the client or by setting the TOGETHER_AI_API_KEY environment variable,26.0,0.0,True,structured_baseline
valid.00088,**exception raised**: litellm.AuthenticationError: AuthenticationError: Together_aiException - The api_key client option must be set either by passing api_key to the client or by setting the TOGETHER_AI_API_KEY environment variable,-0.39896,0.0,True,structured_baseline
valid.00089,**exception raised**: litellm.AuthenticationError: AuthenticationError: Together_aiException - The api_key client option must be set either by passing api_key to the client or by setting the TOGETHER_AI_API_KEY environment variable,0.69231,0.0,True,structured_baseline
valid.00090,**exception raised**: litellm.AuthenticationError: AuthenticationError: Together_aiException - The api_key client option must be set either by passing api_key to the client or by setting the TOGETHER_AI_API_KEY environment variable,0.39349,0.0,True,structured_baseline
valid.00091,**exception raised**: litellm.AuthenticationError: AuthenticationError: Together_aiException - The api_key client option must be set either by passing api_key to the client or by setting the TOGETHER_AI_API_KEY environment variable,2448.0,0.0,True,structured_baseline
valid.00092,**exception raised**: litellm.AuthenticationError: AuthenticationError: Together_aiException - The api_key client option must be set either by passing api_key to the client or by setting the TOGETHER_AI_API_KEY environment variable,-0.343,0.0,True,structured_baseline
valid.00093,**exception raised**: litellm.AuthenticationError: AuthenticationError: Together_aiException - The api_key client option must be set either by passing api_key to the client or by setting the TOGETHER_AI_API_KEY environment variable,46.30435,0.0,True,structured_baseline
valid.00094,**exception raised**: litellm.AuthenticationError: AuthenticationError: Together_aiException - The api_key client option must be set either by passing api_key to the client or by setting the TOGETHER_AI_API_KEY environment variable,0.16735,0.0,True,structured_baseline
valid.00095,**exception raised**: litellm.AuthenticationError: AuthenticationError: Together_aiException - The api_key client option must be set either by passing api_key to the client or by setting the TOGETHER_AI_API_KEY environment variable,5.0,0.0,True,structured_baseline
valid.00096,**exception raised**: litellm.AuthenticationError: AuthenticationError: Together_aiException - The api_key client option must be set either by passing api_key to the client or by setting the TOGETHER_AI_API_KEY environment variable,383.0,0.0,True,structured_baseline
valid.00097,**exception raised**: litellm.AuthenticationError: AuthenticationError: Together_aiException - The api_key client option must be set either by passing api_key to the client or by setting the TOGETHER_AI_API_KEY environment variable,0.69676,0.0,True,structured_baseline
valid.00098,**exception raised**: litellm.AuthenticationError: AuthenticationError: Together_aiException - The api_key client option must be set either by passing api_key to the client or by setting the TOGETHER_AI_API_KEY environment variable,-13.2,0.0,True,structured_baseline
valid.00099,**exception raised**: litellm.AuthenticationError: AuthenticationError: Together_aiException - The api_key client option must be set either by passing api_key to the client or by setting the TOGETHER_AI_API_KEY environment variable,0.48171,0.0,True,structured_baseline
valid.00100,**exception raised**: litellm.AuthenticationError: AuthenticationError: Together_aiException - The api_key client option must be set either by passing api_key to the client or by setting the TOGETHER_AI_API_KEY environment variable,0.39282,0.0,True,structured_baseline
valid.00101,**exception raised**: litellm.AuthenticationError: AuthenticationError: Together_aiException - The api_key client option must be set either by passing api_key to the client or by setting the TOGETHER_AI_API_KEY environment variable,296048.0,0.0,True,structured_baseline
valid.00102,**exception raised**: litellm.AuthenticationError: AuthenticationError: Together_aiException - The api_key client option must be set either by passing api_key to the client or by setting the TOGETHER_AI_API_KEY environment variable,40294.0,0.0,True,structured_baseline
valid.00103,**exception raised**: litellm.AuthenticationError: AuthenticationError: Together_aiException - The api_key client option must be set either by passing api_key to the client or by setting the TOGETHER_AI_API_KEY environment variable,7.0,0.0,True,structured_baseline
valid.00104,**exception raised**: litellm.AuthenticationError: AuthenticationError: Together_aiException - The api_key client option must be set either by passing api_key to the client or by setting the TOGETHER_AI_API_KEY environment variable,0.538,0.0,True,structured_baseline
valid.00105,**exception raised**: litellm.AuthenticationError: AuthenticationError: Together_aiException - The api_key client option must be set either by passing api_key to the client or by setting the TOGETHER_AI_API_KEY environment variable,270.1,0.0,True,structured_baseline
valid.00106,**exception raised**: litellm.AuthenticationError: AuthenticationError: Together_aiException - The api_key client option must be set either by passing api_key to the client or by setting the TOGETHER_AI_API_KEY environment variable,498.9,0.0,True,structured_baseline
valid.00107,**exception raised**: litellm.AuthenticationError: AuthenticationError: Together_aiException - The api_key client option must be set either by passing api_key to the client or by setting the TOGETHER_AI_API_KEY environment variable,965.635,0.0,True,structured_baseline
valid.00108,**exception raised**: litellm.AuthenticationError: AuthenticationError: Together_aiException - The api_key client option must be set either by passing api_key to the client or by setting the TOGETHER_AI_API_KEY environment variable,0.33084,0.0,True,structured_baseline
valid.00109,**exception raised**: litellm.AuthenticationError: AuthenticationError: Together_aiException - The api_key client option must be set either by passing api_key to the client or by setting the TOGETHER_AI_API_KEY environment variable,48.0,0.0,True,structured_baseline
valid.00110,**exception raised**: litellm.AuthenticationError: AuthenticationError: Together_aiException - The api_key client option must be set either by passing api_key to the client or by setting the TOGETHER_AI_API_KEY environment variable,0.04741,0.0,True,structured_baseline
valid.00111,**exception raised**: litellm.AuthenticationError: AuthenticationError: Together_aiException - The api_key client option must be set either by passing api_key to the client or by setting the TOGETHER_AI_API_KEY environment variable,-0.42327,0.0,True,structured_baseline
valid.00112,**exception raised**: litellm.AuthenticationError: AuthenticationError: Together_aiException - The api_key client option must be set either by passing api_key to the client or by setting the TOGETHER_AI_API_KEY environment variable,4.0,0.0,True,structured_baseline
valid.00113,**exception raised**: litellm.AuthenticationError: AuthenticationError: Together_aiException - The api_key client option must be set either by passing api_key to the client or by setting the TOGETHER_AI_API_KEY environment variable,12.636,0.0,True,structured_baseline
valid.00114,**exception raised**: litellm.AuthenticationError: AuthenticationError: Together_aiException - The api_key client option must be set either by passing api_key to the client or by setting the TOGETHER_AI_API_KEY environment variable,10.82621,0.0,True,structured_baseline
valid.00115,**exception raised**: litellm.AuthenticationError: AuthenticationError: Together_aiException - The api_key client option must be set either by passing api_key to the client or by setting the TOGETHER_AI_API_KEY environment variable,0.35837,0.0,True,structured_baseline
valid.00116,**exception raised**: litellm.AuthenticationError: AuthenticationError: Together_aiException - The api_key client option must be set either by passing api_key to the client or by setting the TOGETHER_AI_API_KEY environment variable,0.13419,0.0,True,structured_baseline
valid.00117,**exception raised**: litellm.AuthenticationError: AuthenticationError: Together_aiException - The api_key client option must be set either by passing api_key to the client or by setting the TOGETHER_AI_API_KEY environment variable,-454.2,0.0,True,structured_baseline
valid.00118,**exception raised**: litellm.AuthenticationError: AuthenticationError: Together_aiException - The api_key client option must be set either by passing api_key to the client or by setting the TOGETHER_AI_API_KEY environment variable,0.07135,0.0,True,structured_baseline
valid.00119,**exception raised**: litellm.AuthenticationError: AuthenticationError: Together_aiException - The api_key client option must be set either by passing api_key to the client or by setting the TOGETHER_AI_API_KEY environment variable,0.17972,0.0,True,structured_baseline
valid.00120,**exception raised**: litellm.AuthenticationError: AuthenticationError: Together_aiException - The api_key client option must be set either by passing api_key to the client or by setting the TOGETHER_AI_API_KEY environment variable,-19.0,0.0,True,structured_baseline
valid.00121,**exception raised**: litellm.AuthenticationError: AuthenticationError: Together_aiException - The api_key client option must be set either by passing api_key to the client or by setting the TOGETHER_AI_API_KEY environment variable,0.151,0.0,True,structured_baseline
valid.00122,**exception raised**: litellm.AuthenticationError: AuthenticationError: Together_aiException - The api_key client option must be set either by passing api_key to the client or by setting the TOGETHER_AI_API_KEY environment variable,0.34769,0.0,True,structured_baseline
valid.00123,**exception raised**: litellm.AuthenticationError: AuthenticationError: Together_aiException - The api_key client option must be set either by passing api_key to the client or by setting the TOGETHER_AI_API_KEY environment variable,0.07513,0.0,True,structured_baseline
valid.00124,**exception raised**: litellm.AuthenticationError: AuthenticationError: Together_aiException - The api_key client option must be set either by passing api_key to the client or by setting the TOGETHER_AI_API_KEY environment variable,0.15641,0.0,True,structured_baseline
valid.00125,**exception raised**: litellm.AuthenticationError: AuthenticationError: Together_aiException - The api_key client option must be set either by passing api_key to the client or by setting the TOGETHER_AI_API_KEY environment variable,-0.07443,0.0,True,structured_baseline
valid.00126,**exception raised**: litellm.AuthenticationError: AuthenticationError: Together_aiException - The api_key client option must be set either by passing api_key to the client or by setting the TOGETHER_AI_API_KEY environment variable,16.5,0.0,True,structured_baseline
valid.00127,**exception raised**: litellm.AuthenticationError: AuthenticationError: Together_aiException - The api_key client option must be set either by passing api_key to the client or by setting the TOGETHER_AI_API_KEY environment variable,0.04392,0.0,True,structured_baseline
valid.00128,**exception raised**: litellm.AuthenticationError: AuthenticationError: Together_aiException - The api_key client option must be set either by passing api_key to the client or by setting the TOGETHER_AI_API_KEY environment variable,71.0,0.0,True,structured_baseline
valid.00129,**exception raised**: litellm.AuthenticationError: AuthenticationError: Together_aiException - The api_key client option must be set either by passing api_key to the client or by setting the TOGETHER_AI_API_KEY environment variable,0.02533,0.0,True,structured_baseline
valid.00130,**exception raised**: litellm.AuthenticationError: AuthenticationError: Together_aiException - The api_key client option must be set either by passing api_key to the client or by setting the TOGETHER_AI_API_KEY environment variable,0.11658,0.0,True,structured_baseline
valid.00131,**exception raised**: litellm.AuthenticationError: AuthenticationError: Together_aiException - The api_key client option must be set either by passing api_key to the client or by setting the TOGETHER_AI_API_KEY environment variable,66.0,0.0,True,structured_baseline
valid.00132,**exception raised**: litellm.AuthenticationError: AuthenticationError: Together_aiException - The api_key client option must be set either by passing api_key to the client or by setting the TOGETHER_AI_API_KEY environment variable,0.0611,0.0,True,structured_baseline
valid.00133,**exception raised**: litellm.AuthenticationError: AuthenticationError: Together_aiException - The api_key client option must be set either by passing api_key to the client or by setting the TOGETHER_AI_API_KEY environment variable,302.8,0.0,True,structured_baseline
valid.00134,**exception raised**: litellm.AuthenticationError: AuthenticationError: Together_aiException - The api_key client option must be set either by passing api_key to the client or by setting the TOGETHER_AI_API_KEY environment variable,0.23618,0.0,True,structured_baseline
valid.00135,**exception raised**: litellm.AuthenticationError: AuthenticationError: Together_aiException - The api_key client option must be set either by passing api_key to the client or by setting the TOGETHER_AI_API_KEY environment variable,1300.0,0.0,True,structured_baseline
valid.00136,**exception raised**: litellm.AuthenticationError: AuthenticationError: Together_aiException - The api_key client option must be set either by passing api_key to the client or by setting the TOGETHER_AI_API_KEY environment variable,0.34146,0.0,True,structured_baseline
valid.00137,**exception raised**: litellm.AuthenticationError: AuthenticationError: Together_aiException - The api_key client option must be set either by passing api_key to the client or by setting the TOGETHER_AI_API_KEY environment variable,0.12574,0.0,True,structured_baseline
valid.00138,**exception raised**: litellm.AuthenticationError: AuthenticationError: Together_aiException - The api_key client option must be set either by passing api_key to the client or by setting the TOGETHER_AI_API_KEY environment variable,0.08571,0.0,True,structured_baseline
valid.00139,**exception raised**: litellm.AuthenticationError: AuthenticationError: Together_aiException - The api_key client option must be set either by passing api_key to the client or by setting the TOGETHER_AI_API_KEY environment variable,4.26667,0.0,True,structured_baseline
valid.00140,**exception raised**: litellm.AuthenticationError: AuthenticationError: Together_aiException - The api_key client option must be set either by passing api_key to the client or by setting the TOGETHER_AI_API_KEY environment variable,6.88702,0.0,True,structured_baseline
valid.00141,**exception raised**: litellm.AuthenticationError: AuthenticationError: Together_aiException - The api_key client option must be set either by passing api_key to the client or by setting the TOGETHER_AI_API_KEY environment variable,-0.07758,0.0,True,structured_baseline
valid.00142,**exception raised**: litellm.AuthenticationError: AuthenticationError: Together_aiException - The api_key client option must be set either by passing api_key to the client or by setting the TOGETHER_AI_API_KEY environment variable,86.5,0.0,True,structured_baseline
valid.00143,**exception raised**: litellm.AuthenticationError: AuthenticationError: Together_aiException - The api_key client option must be set either by passing api_key to the client or by setting the TOGETHER_AI_API_KEY environment variable,-13.0,0.0,True,structured_baseline
valid.00144,**exception raised**: litellm.AuthenticationError: AuthenticationError: Together_aiException - The api_key client option must be set either by passing api_key to the client or by setting the TOGETHER_AI_API_KEY environment variable,no,0.0,True,structured_baseline
valid.00145,**exception raised**: litellm.AuthenticationError: AuthenticationError: Together_aiException - The api_key client option must be set either by passing api_key to the client or by setting the TOGETHER_AI_API_KEY environment variable,2022.0,0.0,True,structured_baseline
valid.00146,**exception raised**: litellm.AuthenticationError: AuthenticationError: Together_aiException - The api_key client option must be set either by passing api_key to the client or by setting the TOGETHER_AI_API_KEY environment variable,9198.33333,0.0,True,structured_baseline
valid.00147,**exception raised**: litellm.AuthenticationError: AuthenticationError: Together_aiException - The api_key client option must be set either by passing api_key to the client or by setting the TOGETHER_AI_API_KEY environment variable,34.96,0.0,True,structured_baseline
valid.00148,**exception raised**: litellm.AuthenticationError: AuthenticationError: Together_aiException - The api_key client option must be set either by passing api_key to the client or by setting the TOGETHER_AI_API_KEY environment variable,-121.5,0.0,True,structured_baseline
valid.00149,**exception raised**: litellm.AuthenticationError: AuthenticationError: Together_aiException - The api_key client option must be set either by passing api_key to the client or by setting the TOGETHER_AI_API_KEY environment variable,0.31325,0.0,True,structured_baseline
valid.00150,**exception raised**: litellm.AuthenticationError: AuthenticationError: Together_aiException - The api_key client option must be set either by passing api_key to the client or by setting the TOGETHER_AI_API_KEY environment variable,846.0,0.0,True,structured_baseline
valid.00151,**exception raised**: litellm.AuthenticationError: AuthenticationError: Together_aiException - The api_key client option must be set either by passing api_key to the client or by setting the TOGETHER_AI_API_KEY environment variable,6999.0,0.0,True,structured_baseline
valid.00152,**exception raised**: litellm.AuthenticationError: AuthenticationError: Together_aiException - The api_key client option must be set either by passing api_key to the client or by setting the TOGETHER_AI_API_KEY environment variable,0.09884,0.0,True,structured_baseline
valid.00153,**exception raised**: litellm.AuthenticationError: AuthenticationError: Together_aiException - The api_key client option must be set either by passing api_key to the client or by setting the TOGETHER_AI_API_KEY environment variable,18.57143,0.0,True,structured_baseline
valid.00154,**exception raised**: litellm.AuthenticationError: AuthenticationError: Together_aiException - The api_key client option must be set either by passing api_key to the client or by setting the TOGETHER_AI_API_KEY environment variable,0.56618,0.0,True,structured_baseline
valid.00155,**exception raised**: litellm.AuthenticationError: AuthenticationError: Together_aiException - The api_key client option must be set either by passing api_key to the client or by setting the TOGETHER_AI_API_KEY environment variable,0.08899,0.0,True,structured_baseline
valid.00156,**exception raised**: litellm.AuthenticationError: AuthenticationError: Together_aiException - The api_key client option must be set either by passing api_key to the client or by setting the TOGETHER_AI_API_KEY environment variable,19700.0,0.0,True,structured_baseline
valid.00157,**exception raised**: litellm.AuthenticationError: AuthenticationError: Together_aiException - The api_key client option must be set either by passing api_key to the client or by setting the TOGETHER_AI_API_KEY environment variable,24.69136,0.0,True,structured_baseline
valid.00158,**exception raised**: litellm.AuthenticationError: AuthenticationError: Together_aiException - The api_key client option must be set either by passing api_key to the client or by setting the TOGETHER_AI_API_KEY environment variable,0.00455,0.0,True,structured_baseline
valid.00159,**exception raised**: litellm.AuthenticationError: AuthenticationError: Together_aiException - The api_key client option must be set either by passing api_key to the client or by setting the TOGETHER_AI_API_KEY environment variable,233629.0,0.0,True,structured_baseline
valid.00160,**exception raised**: litellm.AuthenticationError: AuthenticationError: Together_aiException - The api_key client option must be set either by passing api_key to the client or by setting the TOGETHER_AI_API_KEY environment variable,1521.55,0.0,True,structured_baseline
valid.00161,**exception raised**: litellm.AuthenticationError: AuthenticationError: Together_aiException - The api_key client option must be set either by passing api_key to the client or by setting the TOGETHER_AI_API_KEY environment variable,9.28167,0.0,True,structured_baseline
valid.00162,**exception raised**: litellm.AuthenticationError: AuthenticationError: Together_aiException - The api_key client option must be set either by passing api_key to the client or by setting the TOGETHER_AI_API_KEY environment variable,0.91251,0.0,True,structured_baseline
valid.00163,**exception raised**: litellm.AuthenticationError: AuthenticationError: Together_aiException - The api_key client option must be set either by passing api_key to the client or by setting the TOGETHER_AI_API_KEY environment variable,1311.66667,0.0,True,structured_baseline
valid.00164,**exception raised**: litellm.AuthenticationError: AuthenticationError: Together_aiException - The api_key client option must be set either by passing api_key to the client or by setting the TOGETHER_AI_API_KEY environment variable,-0.0533,0.0,True,structured_baseline
valid.00165,**exception raised**: litellm.AuthenticationError: AuthenticationError: Together_aiException - The api_key client option must be set either by passing api_key to the client or by setting the TOGETHER_AI_API_KEY environment variable,1042490.2,0.0,True,structured_baseline
valid.00166,**exception raised**: litellm.AuthenticationError: AuthenticationError: Together_aiException - The api_key client option must be set either by passing api_key to the client or by setting the TOGETHER_AI_API_KEY environment variable,0.84882,0.0,True,structured_baseline
valid.00167,**exception raised**: litellm.AuthenticationError: AuthenticationError: Together_aiException - The api_key client option must be set either by passing api_key to the client or by setting the TOGETHER_AI_API_KEY environment variable,-0.2108,0.0,True,structured_baseline
valid.00168,**exception raised**: litellm.AuthenticationError: AuthenticationError: Together_aiException - The api_key client option must be set either by passing api_key to the client or by setting the TOGETHER_AI_API_KEY environment variable,62154.0,0.0,True,structured_baseline
valid.00169,**exception raised**: litellm.AuthenticationError: AuthenticationError: Together_aiException - The api_key client option must be set either by passing api_key to the client or by setting the TOGETHER_AI_API_KEY environment variable,0.23125,0.0,True,structured_baseline
valid.00170,**exception raised**: litellm.AuthenticationError: AuthenticationError: Together_aiException - The api_key client option must be set either by passing api_key to the client or by setting the TOGETHER_AI_API_KEY environment variable,0.19257,0.0,True,structured_baseline
valid.00171,**exception raised**: litellm.AuthenticationError: AuthenticationError: Together_aiException - The api_key client option must be set either by passing api_key to the client or by setting the TOGETHER_AI_API_KEY environment variable,1.00078,0.0,True,structured_baseline
valid.00172,**exception raised**: litellm.AuthenticationError: AuthenticationError: Together_aiException - The api_key client option must be set either by passing api_key to the client or by setting the TOGETHER_AI_API_KEY environment variable,0.44656,0.0,True,structured_baseline
valid.00173,**exception raised**: litellm.AuthenticationError: AuthenticationError: Together_aiException - The api_key client option must be set either by passing api_key to the client or by setting the TOGETHER_AI_API_KEY environment variable,1320.825,0.0,True,structured_baseline
valid.00174,**exception raised**: litellm.AuthenticationError: AuthenticationError: Together_aiException - The api_key client option must be set either by passing api_key to the client or by setting the TOGETHER_AI_API_KEY environment variable,0.05793,0.0,True,structured_baseline
valid.00175,**exception raised**: litellm.AuthenticationError: AuthenticationError: Together_aiException - The api_key client option must be set either by passing api_key to the client or by setting the TOGETHER_AI_API_KEY environment variable,5808.0,0.0,True,structured_baseline
valid.00176,**exception raised**: litellm.AuthenticationError: AuthenticationError: Together_aiException - The api_key client option must be set either by passing api_key to the client or by setting the TOGETHER_AI_API_KEY environment variable,0.34024,0.0,True,structured_baseline
valid.00177,**exception raised**: litellm.AuthenticationError: AuthenticationError: Together_aiException - The api_key client option must be set either by passing api_key to the client or by setting the TOGETHER_AI_API_KEY environment variable,4441.2,0.0,True,structured_baseline
valid.00178,**exception raised**: litellm.AuthenticationError: AuthenticationError: Together_aiException - The api_key client option must be set either by passing api_key to the client or by setting the TOGETHER_AI_API_KEY environment variable,0.19151,0.0,True,structured_baseline
valid.00179,**exception raised**: litellm.AuthenticationError: AuthenticationError: Together_aiException - The api_key client option must be set either by passing api_key to the client or by setting the TOGETHER_AI_API_KEY environment variable,24.92308,0.0,True,structured_baseline
valid.00180,**exception raised**: litellm.AuthenticationError: AuthenticationError: Together_aiException - The api_key client option must be set either by passing api_key to the client or by setting the TOGETHER_AI_API_KEY environment variable,0.09876,0.0,True,structured_baseline
valid.00181,**exception raised**: litellm.AuthenticationError: AuthenticationError: Together_aiException - The api_key client option must be set either by passing api_key to the client or by setting the TOGETHER_AI_API_KEY environment variable,0.47645,0.0,True,structured_baseline
valid.00182,**exception raised**: litellm.AuthenticationError: AuthenticationError: Together_aiException - The api_key client option must be set either by passing api_key to the client or by setting the TOGETHER_AI_API_KEY environment variable,-11.0,0.0,True,structured_baseline
valid.00183,**exception raised**: litellm.AuthenticationError: AuthenticationError: Together_aiException - The api_key client option must be set either by passing api_key to the client or by setting the TOGETHER_AI_API_KEY environment variable,0.01881,0.0,True,structured_baseline
valid.00184,**exception raised**: litellm.AuthenticationError: AuthenticationError: Together_aiException - The api_key client option must be set either by passing api_key to the client or by setting the TOGETHER_AI_API_KEY environment variable,2.37383,0.0,True,structured_baseline
valid.00185,**exception raised**: litellm.AuthenticationError: AuthenticationError: Together_aiException - The api_key client option must be set either by passing api_key to the client or by setting the TOGETHER_AI_API_KEY environment variable,0.8578,0.0,True,structured_baseline
valid.00186,**exception raised**: litellm.AuthenticationError: AuthenticationError: Together_aiException - The api_key client option must be set either by passing api_key to the client or by setting the TOGETHER_AI_API_KEY environment variable,1.11111,0.0,True,structured_baseline
valid.00187,**exception raised**: litellm.AuthenticationError: AuthenticationError: Together_aiException - The api_key client option must be set either by passing api_key to the client or by setting the TOGETHER_AI_API_KEY environment variable,-0.05751,0.0,True,structured_baseline
valid.00188,**exception raised**: litellm.AuthenticationError: AuthenticationError: Together_aiException - The api_key client option must be set either by passing api_key to the client or by setting the TOGETHER_AI_API_KEY environment variable,0.09394,0.0,True,structured_baseline
valid.00189,**exception raised**: litellm.AuthenticationError: AuthenticationError: Together_aiException - The api_key client option must be set either by passing api_key to the client or by setting the TOGETHER_AI_API_KEY environment variable,1492.0,0.0,True,structured_baseline
valid.00190,**exception raised**: litellm.AuthenticationError: AuthenticationError: Together_aiException - The api_key client option must be set either by passing api_key to the client or by setting the TOGETHER_AI_API_KEY environment variable,39.0,0.0,True,structured_baseline
valid.00191,**exception raised**: litellm.AuthenticationError: AuthenticationError: Together_aiException - The api_key client option must be set either by passing api_key to the client or by setting the TOGETHER_AI_API_KEY environment variable,0.1115,0.0,True,structured_baseline
valid.00192,**exception raised**: litellm.AuthenticationError: AuthenticationError: Together_aiException - The api_key client option must be set either by passing api_key to the client or by setting the TOGETHER_AI_API_KEY environment variable,0.0583,0.0,True,structured_baseline
valid.00193,**exception raised**: litellm.AuthenticationError: AuthenticationError: Together_aiException - The api_key client option must be set either by passing api_key to the client or by setting the TOGETHER_AI_API_KEY environment variable,14.16667,0.0,True,structured_baseline
valid.00194,**exception raised**: litellm.AuthenticationError: AuthenticationError: Together_aiException - The api_key client option must be set either by passing api_key to the client or by setting the TOGETHER_AI_API_KEY environment variable,4.18327,0.0,True,structured_baseline
valid.00195,**exception raised**: litellm.AuthenticationError: AuthenticationError: Together_aiException - The api_key client option must be set either by passing api_key to the client or by setting the TOGETHER_AI_API_KEY environment variable,0.10664,0.0,True,structured_baseline
valid.00196,**exception raised**: litellm.AuthenticationError: AuthenticationError: Together_aiException - The api_key client option must be set either by passing api_key to the client or by setting the TOGETHER_AI_API_KEY environment variable,0.0,0.0,True,structured_baseline
valid.00197,**exception raised**: litellm.AuthenticationError: AuthenticationError: Together_aiException - The api_key client option must be set either by passing api_key to the client or by setting the TOGETHER_AI_API_KEY environment variable,0.72093,0.0,True,structured_baseline
valid.00198,**exception raised**: litellm.AuthenticationError: AuthenticationError: Together_aiException - The api_key client option must be set either by passing api_key to the client or by setting the TOGETHER_AI_API_KEY environment variable,-0.99857,0.0,True,structured_baseline
valid.00199,**exception raised**: litellm.AuthenticationError: AuthenticationError: Together_aiException - The api_key client option must be set either by passing api_key to the client or by setting the TOGETHER_AI_API_KEY environment variable,0.66325,0.0,True,structured_baseline
valid.00200,**exception raised**: litellm.AuthenticationError: AuthenticationError: Together_aiException - The api_key client option must be set either by passing api_key to the client or by setting the TOGETHER_AI_API_KEY environment variable,0.34308,0.0,True,structured_baseline
valid.00201,**exception raised**: litellm.AuthenticationError: AuthenticationError: Together_aiException - The api_key client option must be set either by passing api_key to the client or by setting the TOGETHER_AI_API_KEY environment variable,2981.52,0.0,True,structured_baseline
valid.00202,**exception raised**: litellm.AuthenticationError: AuthenticationError: Together_aiException - The api_key client option must be set either by passing api_key to the client or by setting the TOGETHER_AI_API_KEY environment variable,0.01981,0.0,True,structured_baseline
valid.00203,**exception raised**: litellm.AuthenticationError: AuthenticationError: Together_aiException - The api_key client option must be set either by passing api_key to the client or by setting the TOGETHER_AI_API_KEY environment variable,0.37738,0.0,True,structured_baseline
valid.00204,**exception raised**: litellm.AuthenticationError: AuthenticationError: Together_aiException - The api_key client option must be set either by passing api_key to the client or by setting the TOGETHER_AI_API_KEY environment variable,0.73215,0.0,True,structured_baseline
valid.00205,**exception raised**: litellm.AuthenticationError: AuthenticationError: Together_aiException - The api_key client option must be set either by passing api_key to the client or by setting the TOGETHER_AI_API_KEY environment variable,0.1158,0.0,True,structured_baseline
valid.00206,**exception raised**: litellm.AuthenticationError: AuthenticationError: Together_aiException - The api_key client option must be set either by passing api_key to the client or by setting the TOGETHER_AI_API_KEY environment variable,-5.0,0.0,True,structured_baseline
valid.00207,**exception raised**: litellm.AuthenticationError: AuthenticationError: Together_aiException - The api_key client option must be set either by passing api_key to the client or by setting the TOGETHER_AI_API_KEY environment variable,0.015,0.0,True,structured_baseline
valid.00208,**exception raised**: litellm.AuthenticationError: AuthenticationError: Together_aiException - The api_key client option must be set either by passing api_key to the client or by setting the TOGETHER_AI_API_KEY environment variable,0.22742,0.0,True,structured_baseline
valid.00209,**exception raised**: litellm.AuthenticationError: AuthenticationError: Together_aiException - The api_key client option must be set either by passing api_key to the client or by setting the TOGETHER_AI_API_KEY environment variable,0.06298,0.0,True,structured_baseline
valid.00210,**exception raised**: litellm.AuthenticationError: AuthenticationError: Together_aiException - The api_key client option must be set either by passing api_key to the client or by setting the TOGETHER_AI_API_KEY environment variable,-12.5,0.0,True,structured_baseline
valid.00211,**exception raised**: litellm.AuthenticationError: AuthenticationError: Together_aiException - The api_key client option must be set either by passing api_key to the client or by setting the TOGETHER_AI_API_KEY environment variable,-0.07772,0.0,True,structured_baseline
valid.00212,**exception raised**: litellm.AuthenticationError: AuthenticationError: Together_aiException - The api_key client option must be set either by passing api_key to the client or by setting the TOGETHER_AI_API_KEY environment variable,23.15217,0.0,True,structured_baseline
valid.00213,**exception raised**: litellm.AuthenticationError: AuthenticationError: Together_aiException - The api_key client option must be set either by passing api_key to the client or by setting the TOGETHER_AI_API_KEY environment variable,0.4898,0.0,True,structured_baseline
valid.00214,**exception raised**: litellm.AuthenticationError: AuthenticationError: Together_aiException - The api_key client option must be set either by passing api_key to the client or by setting the TOGETHER_AI_API_KEY environment variable,0.15146,0.0,True,structured_baseline
valid.00215,**exception raised**: litellm.AuthenticationError: AuthenticationError: Together_aiException - The api_key client option must be set either by passing api_key to the client or by setting the TOGETHER_AI_API_KEY environment variable,0.78247,0.0,True,structured_baseline
valid.00216,**exception raised**: litellm.AuthenticationError: AuthenticationError: Together_aiException - The api_key client option must be set either by passing api_key to the client or by setting the TOGETHER_AI_API_KEY environment variable,48.2,0.0,True,structured_baseline
valid.00217,**exception raised**: litellm.AuthenticationError: AuthenticationError: Together_aiException - The api_key client option must be set either by passing api_key to the client or by setting the TOGETHER_AI_API_KEY environment variable,-0.374,0.0,True,structured_baseline
valid.00218,**exception raised**: litellm.AuthenticationError: AuthenticationError: Together_aiException - The api_key client option must be set either by passing api_key to the client or by setting the TOGETHER_AI_API_KEY environment variable,1.0,0.0,True,structured_baseline
valid.00219,**exception raised**: litellm.AuthenticationError: AuthenticationError: Together_aiException - The api_key client option must be set either by passing api_key to the client or by setting the TOGETHER_AI_API_KEY environment variable,249.98125,0.0,True,structured_baseline
valid.00220,**exception raised**: litellm.AuthenticationError: AuthenticationError: Together_aiException - The api_key client option must be set either by passing api_key to the client or by setting the TOGETHER_AI_API_KEY environment variable,0.855,0.0,True,structured_baseline
valid.00221,**exception raised**: litellm.AuthenticationError: AuthenticationError: Together_aiException - The api_key client option must be set either by passing api_key to the client or by setting the TOGETHER_AI_API_KEY environment variable,198.0,0.0,True,structured_baseline
valid.00222,**exception raised**: litellm.AuthenticationError: AuthenticationError: Together_aiException - The api_key client option must be set either by passing api_key to the client or by setting the TOGETHER_AI_API_KEY environment variable,66.0,0.0,True,structured_baseline
valid.00223,**exception raised**: litellm.AuthenticationError: AuthenticationError: Together_aiException - The api_key client option must be set either by passing api_key to the client or by setting the TOGETHER_AI_API_KEY environment variable,349.5,0.0,True,structured_baseline
valid.00224,**exception raised**: litellm.AuthenticationError: AuthenticationError: Together_aiException - The api_key client option must be set either by passing api_key to the client or by setting the TOGETHER_AI_API_KEY environment variable,1.4529,0.0,True,structured_baseline
valid.00225,**exception raised**: litellm.AuthenticationError: AuthenticationError: Together_aiException - The api_key client option must be set either by passing api_key to the client or by setting the TOGETHER_AI_API_KEY environment variable,0.12524,0.0,True,structured_baseline
valid.00226,**exception raised**: litellm.AuthenticationError: AuthenticationError: Together_aiException - The api_key client option must be set either by passing api_key to the client or by setting the TOGETHER_AI_API_KEY environment variable,-124.0,0.0,True,structured_baseline
valid.00227,**exception raised**: litellm.AuthenticationError: AuthenticationError: Together_aiException - The api_key client option must be set either by passing api_key to the client or by setting the TOGETHER_AI_API_KEY environment variable,0.04596,0.0,True,structured_baseline
valid.00228,**exception raised**: litellm.AuthenticationError: AuthenticationError: Together_aiException - The api_key client option must be set either by passing api_key to the client or by setting the TOGETHER_AI_API_KEY environment variable,-44.6,0.0,True,structured_baseline
valid.00229,**exception raised**: litellm.AuthenticationError: AuthenticationError: Together_aiException - The api_key client option must be set either by passing api_key to the client or by setting the TOGETHER_AI_API_KEY environment variable,0.0001,0.0,True,structured_baseline
valid.00230,**exception raised**: litellm.AuthenticationError: AuthenticationError: Together_aiException - The api_key client option must be set either by passing api_key to the client or by setting the TOGETHER_AI_API_KEY environment variable,1393.0,0.0,True,structured_baseline
valid.00231,**exception raised**: litellm.AuthenticationError: AuthenticationError: Together_aiException - The api_key client option must be set either by passing api_key to the client or by setting the TOGETHER_AI_API_KEY environment variable,45.38,0.0,True,structured_baseline
valid.00232,**exception raised**: litellm.AuthenticationError: AuthenticationError: Together_aiException - The api_key client option must be set either by passing api_key to the client or by setting the TOGETHER_AI_API_KEY environment variable,0.19465,0.0,True,structured_baseline
valid.00233,**exception raised**: litellm.AuthenticationError: AuthenticationError: Together_aiException - The api_key client option must be set either by passing api_key to the client or by setting the TOGETHER_AI_API_KEY environment variable,0.93278,0.0,True,structured_baseline
valid.00234,**exception raised**: litellm.AuthenticationError: AuthenticationError: Together_aiException - The api_key client option must be set either by passing api_key to the client or by setting the TOGETHER_AI_API_KEY environment variable,202.9,0.0,True,structured_baseline
valid.00235,**exception raised**: litellm.AuthenticationError: AuthenticationError: Together_aiException - The api_key client option must be set either by passing api_key to the client or by setting the TOGETHER_AI_API_KEY environment variable,-0.16788,0.0,True,structured_baseline
valid.00236,**exception raised**: litellm.AuthenticationError: AuthenticationError: Together_aiException - The api_key client option must be set either by passing api_key to the client or by setting the TOGETHER_AI_API_KEY environment variable,6.36,0.0,True,structured_baseline
valid.00237,**exception raised**: litellm.AuthenticationError: AuthenticationError: Together_aiException - The api_key client option must be set either by passing api_key to the client or by setting the TOGETHER_AI_API_KEY environment variable,98344.75,0.0,True,structured_baseline
valid.00238,**exception raised**: litellm.AuthenticationError: AuthenticationError: Together_aiException - The api_key client option must be set either by passing api_key to the client or by setting the TOGETHER_AI_API_KEY environment variable,14759301.12,0.0,True,structured_baseline
valid.00239,**exception raised**: litellm.AuthenticationError: AuthenticationError: Together_aiException - The api_key client option must be set either by passing api_key to the client or by setting the TOGETHER_AI_API_KEY environment variable,2.5082,0.0,True,structured_baseline
valid.00240,**exception raised**: litellm.AuthenticationError: AuthenticationError: Together_aiException - The api_key client option must be set either by passing api_key to the client or by setting the TOGETHER_AI_API_KEY environment variable,1.44634,0.0,True,structured_baseline
valid.00241,**exception raised**: litellm.AuthenticationError: AuthenticationError: Together_aiException - The api_key client option must be set either by passing api_key to the client or by setting the TOGETHER_AI_API_KEY environment variable,0.41754,0.0,True,structured_baseline
valid.00242,**exception raised**: litellm.AuthenticationError: AuthenticationError: Together_aiException - The api_key client option must be set either by passing api_key to the client or by setting the TOGETHER_AI_API_KEY environment variable,0.29144,0.0,True,structured_baseline
valid.00243,**exception raised**: litellm.AuthenticationError: AuthenticationError: Together_aiException - The api_key client option must be set either by passing api_key to the client or by setting the TOGETHER_AI_API_KEY environment variable,0.26319,0.0,True,structured_baseline
valid.00244,**exception raised**: litellm.AuthenticationError: AuthenticationError: Together_aiException - The api_key client option must be set either by passing api_key to the client or by setting the TOGETHER_AI_API_KEY environment variable,4302.67611,0.0,True,structured_baseline
valid.00245,**exception raised**: litellm.AuthenticationError: AuthenticationError: Together_aiException - The api_key client option must be set either by passing api_key to the client or by setting the TOGETHER_AI_API_KEY environment variable,0.13204,0.0,True,structured_baseline
valid.00246,**exception raised**: litellm.AuthenticationError: AuthenticationError: Together_aiException - The api_key client option must be set either by passing api_key to the client or by setting the TOGETHER_AI_API_KEY environment variable,1542.0,0.0,True,structured_baseline
valid.00247,**exception raised**: litellm.AuthenticationError: AuthenticationError: Together_aiException - The api_key client option must be set either by passing api_key to the client or by setting the TOGETHER_AI_API_KEY environment variable,yes,0.0,True,structured_baseline
valid.00248,**exception raised**: litellm.AuthenticationError: AuthenticationError: Together_aiException - The api_key client option must be set either by passing api_key to the client or by setting the TOGETHER_AI_API_KEY environment variable,5.33333,0.0,True,structured_baseline
valid.00249,**exception raised**: litellm.AuthenticationError: AuthenticationError: Together_aiException - The api_key client option must be set either by passing api_key to the client or by setting the TOGETHER_AI_API_KEY environment variable,0.96042,0.0,True,structured_baseline
valid.00250,**exception raised**: litellm.AuthenticationError: AuthenticationError: Together_aiException - The api_key client option must be set either by passing api_key to the client or by setting the TOGETHER_AI_API_KEY environment variable,22.1875,0.0,True,structured_baseline
valid.00251,**exception raised**: litellm.AuthenticationError: AuthenticationError: Together_aiException - The api_key client option must be set either by passing api_key to the client or by setting the TOGETHER_AI_API_KEY environment variable,738.5,0.0,True,structured_baseline
valid.00252,**exception raised**: litellm.AuthenticationError: AuthenticationError: Together_aiException - The api_key client option must be set either by passing api_key to the client or by setting the TOGETHER_AI_API_KEY environment variable,0.47317,0.0,True,structured_baseline
valid.00253,**exception raised**: litellm.AuthenticationError: AuthenticationError: Together_aiException - The api_key client option must be set either by passing api_key to the client or by setting the TOGETHER_AI_API_KEY environment variable,30.34,0.0,True,structured_baseline
valid.00254,**exception raised**: litellm.AuthenticationError: AuthenticationError: Together_aiException - The api_key client option must be set either by passing api_key to the client or by setting the TOGETHER_AI_API_KEY environment variable,582.8,0.0,True,structured_baseline
valid.00255,**exception raised**: litellm.AuthenticationError: AuthenticationError: Together_aiException - The api_key client option must be set either by passing api_key to the client or by setting the TOGETHER_AI_API_KEY environment variable,0.06507,0.0,True,structured_baseline
valid.00256,**exception raised**: litellm.AuthenticationError: AuthenticationError: Together_aiException - The api_key client option must be set either by passing api_key to the client or by setting the TOGETHER_AI_API_KEY environment variable,0.43892,0.0,True,structured_baseline
valid.00257,**exception raised**: litellm.AuthenticationError: AuthenticationError: Together_aiException - The api_key client option must be set either by passing api_key to the client or by setting the TOGETHER_AI_API_KEY environment variable,0.04216,0.0,True,structured_baseline
valid.00258,**exception raised**: litellm.AuthenticationError: AuthenticationError: Together_aiException - The api_key client option must be set either by passing api_key to the client or by setting the TOGETHER_AI_API_KEY environment variable,0.23684,0.0,True,structured_baseline
valid.00259,**exception raised**: litellm.AuthenticationError: AuthenticationError: Together_aiException - The api_key client option must be set either by passing api_key to the client or by setting the TOGETHER_AI_API_KEY environment variable,0.13923,0.0,True,structured_baseline
valid.00260,**exception raised**: litellm.AuthenticationError: AuthenticationError: Together_aiException - The api_key client option must be set either by passing api_key to the client or by setting the TOGETHER_AI_API_KEY environment variable,-0.0263,0.0,True,structured_baseline
valid.00261,**exception raised**: litellm.AuthenticationError: AuthenticationError: Together_aiException - The api_key client option must be set either by passing api_key to the client or by setting the TOGETHER_AI_API_KEY environment variable,0.279,0.0,True,structured_baseline
valid.00262,**exception raised**: litellm.AuthenticationError: AuthenticationError: Together_aiException - The api_key client option must be set either by passing api_key to the client or by setting the TOGETHER_AI_API_KEY environment variable,15.4698,0.0,True,structured_baseline
valid.00263,**exception raised**: litellm.AuthenticationError: AuthenticationError: Together_aiException - The api_key client option must be set either by passing api_key to the client or by setting the TOGETHER_AI_API_KEY environment variable,0.96042,0.0,True,structured_baseline
valid.00264,**exception raised**: litellm.AuthenticationError: AuthenticationError: Together_aiException - The api_key client option must be set either by passing api_key to the client or by setting the TOGETHER_AI_API_KEY environment variable,0.61615,0.0,True,structured_baseline
valid.00265,**exception raised**: litellm.AuthenticationError: AuthenticationError: Together_aiException - The api_key client option must be set either by passing api_key to the client or by setting the TOGETHER_AI_API_KEY environment variable,0.15789,0.0,True,structured_baseline
valid.00266,**exception raised**: litellm.AuthenticationError: AuthenticationError: Together_aiException - The api_key client option must be set either by passing api_key to the client or by setting the TOGETHER_AI_API_KEY environment variable,-0.68042,0.0,True,structured_baseline
valid.00267,**exception raised**: litellm.AuthenticationError: AuthenticationError: Together_aiException - The api_key client option must be set either by passing api_key to the client or by setting the TOGETHER_AI_API_KEY environment variable,63.0,0.0,True,structured_baseline
valid.00268,**exception raised**: litellm.AuthenticationError: AuthenticationError: Together_aiException - The api_key client option must be set either by passing api_key to the client or by setting the TOGETHER_AI_API_KEY environment variable,-0.125,0.0,True,structured_baseline
valid.00269,**exception raised**: litellm.AuthenticationError: AuthenticationError: Together_aiException - The api_key client option must be set either by passing api_key to the client or by setting the TOGETHER_AI_API_KEY environment variable,0.26424,0.0,True,structured_baseline
valid.00270,**exception raised**: litellm.AuthenticationError: AuthenticationError: Together_aiException - The api_key client option must be set either by passing api_key to the client or by setting the TOGETHER_AI_API_KEY environment variable,0.009,0.0,True,structured_baseline
valid.00271,**exception raised**: litellm.AuthenticationError: AuthenticationError: Together_aiException - The api_key client option must be set either by passing api_key to the client or by setting the TOGETHER_AI_API_KEY environment variable,0.0474,0.0,True,structured_baseline
valid.00272,**exception raised**: litellm.AuthenticationError: AuthenticationError: Together_aiException - The api_key client option must be set either by passing api_key to the client or by setting the TOGETHER_AI_API_KEY environment variable,0.62912,0.0,True,structured_baseline
valid.00273,**exception raised**: litellm.AuthenticationError: AuthenticationError: Together_aiException - The api_key client option must be set either by passing api_key to the client or by setting the TOGETHER_AI_API_KEY environment variable,7.0,0.0,True,structured_baseline
valid.00274,**exception raised**: litellm.AuthenticationError: AuthenticationError: Together_aiException - The api_key client option must be set either by passing api_key to the client or by setting the TOGETHER_AI_API_KEY environment variable,2.1113,0.0,True,structured_baseline
valid.00275,**exception raised**: litellm.AuthenticationError: AuthenticationError: Together_aiException - The api_key client option must be set either by passing api_key to the client or by setting the TOGETHER_AI_API_KEY environment variable,1.72447,0.0,True,structured_baseline
valid.00276,**exception raised**: litellm.AuthenticationError: AuthenticationError: Together_aiException - The api_key client option must be set either by passing api_key to the client or by setting the TOGETHER_AI_API_KEY environment variable,7452.94118,0.0,True,structured_baseline
valid.00277,**exception raised**: litellm.AuthenticationError: AuthenticationError: Together_aiException - The api_key client option must be set either by passing api_key to the client or by setting the TOGETHER_AI_API_KEY environment variable,0.16418,0.0,True,structured_baseline
valid.00278,**exception raised**: litellm.AuthenticationError: AuthenticationError: Together_aiException - The api_key client option must be set either by passing api_key to the client or by setting the TOGETHER_AI_API_KEY environment variable,267.0,0.0,True,structured_baseline
valid.00279,**exception raised**: litellm.AuthenticationError: AuthenticationError: Together_aiException - The api_key client option must be set either by passing api_key to the client or by setting the TOGETHER_AI_API_KEY environment variable,-73.0,0.0,True,structured_baseline
valid.00280,**exception raised**: litellm.AuthenticationError: AuthenticationError: Together_aiException - The api_key client option must be set either by passing api_key to the client or by setting the TOGETHER_AI_API_KEY environment variable,1.65246,0.0,True,structured_baseline
valid.00281,**exception raised**: litellm.AuthenticationError: AuthenticationError: Together_aiException - The api_key client option must be set either by passing api_key to the client or by setting the TOGETHER_AI_API_KEY environment variable,0.57031,0.0,True,structured_baseline
valid.00282,**exception raised**: litellm.AuthenticationError: AuthenticationError: Together_aiException - The api_key client option must be set either by passing api_key to the client or by setting the TOGETHER_AI_API_KEY environment variable,14366.66667,0.0,True,structured_baseline
valid.00283,**exception raised**: litellm.AuthenticationError: AuthenticationError: Together_aiException - The api_key client option must be set either by passing api_key to the client or by setting the TOGETHER_AI_API_KEY environment variable,-0.32953,0.0,True,structured_baseline
valid.00284,**exception raised**: litellm.AuthenticationError: AuthenticationError: Together_aiException - The api_key client option must be set either by passing api_key to the client or by setting the TOGETHER_AI_API_KEY environment variable,0.02701,0.0,True,structured_baseline
valid.00285,**exception raised**: litellm.AuthenticationError: AuthenticationError: Together_aiException - The api_key client option must be set either by passing api_key to the client or by setting the TOGETHER_AI_API_KEY environment variable,0.13253,0.0,True,structured_baseline
valid.00286,**exception raised**: litellm.AuthenticationError: AuthenticationError: Together_aiException - The api_key client option must be set either by passing api_key to the client or by setting the TOGETHER_AI_API_KEY environment variable,3.61,0.0,True,structured_baseline
valid.00287,**exception raised**: litellm.AuthenticationError: AuthenticationError: Together_aiException - The api_key client option must be set either by passing api_key to the client or by setting the TOGETHER_AI_API_KEY environment variable,469.0,0.0,True,structured_baseline
valid.00288,**exception raised**: litellm.AuthenticationError: AuthenticationError: Together_aiException - The api_key client option must be set either by passing api_key to the client or by setting the TOGETHER_AI_API_KEY environment variable,12.675,0.0,True,structured_baseline
valid.00289,**exception raised**: litellm.AuthenticationError: AuthenticationError: Together_aiException - The api_key client option must be set either by passing api_key to the client or by setting the TOGETHER_AI_API_KEY environment variable,0.7893,0.0,True,structured_baseline
valid.00290,**exception raised**: litellm.AuthenticationError: AuthenticationError: Together_aiException - The api_key client option must be set either by passing api_key to the client or by setting the TOGETHER_AI_API_KEY environment variable,-0.29898,0.0,True,structured_baseline
valid.00291,**exception raised**: litellm.AuthenticationError: AuthenticationError: Together_aiException - The api_key client option must be set either by passing api_key to the client or by setting the TOGETHER_AI_API_KEY environment variable,2.3,0.0,True,structured_baseline
valid.00292,**exception raised**: litellm.AuthenticationError: AuthenticationError: Together_aiException - The api_key client option must be set either by passing api_key to the client or by setting the TOGETHER_AI_API_KEY environment variable,0.02099,0.0,True,structured_baseline
valid.00293,**exception raised**: litellm.AuthenticationError: AuthenticationError: Together_aiException - The api_key client option must be set either by passing api_key to the client or by setting the TOGETHER_AI_API_KEY environment variable,0.17091,0.0,True,structured_baseline
valid.00294,**exception raised**: litellm.AuthenticationError: AuthenticationError: Together_aiException - The api_key client option must be set either by passing api_key to the client or by setting the TOGETHER_AI_API_KEY environment variable,0.33482,0.0,True,structured_baseline
valid.00295,**exception raised**: litellm.AuthenticationError: AuthenticationError: Together_aiException - The api_key client option must be set either by passing api_key to the client or by setting the TOGETHER_AI_API_KEY environment variable,0.28448,0.0,True,structured_baseline
valid.00296,**exception raised**: litellm.AuthenticationError: AuthenticationError: Together_aiException - The api_key client option must be set either by passing api_key to the client or by setting the TOGETHER_AI_API_KEY environment variable,0.03334,0.0,True,structured_baseline
valid.00297,**exception raised**: litellm.AuthenticationError: AuthenticationError: Together_aiException - The api_key client option must be set either by passing api_key to the client or by setting the TOGETHER_AI_API_KEY environment variable,172.0,0.0,True,structured_baseline
valid.00298,**exception raised**: litellm.AuthenticationError: AuthenticationError: Together_aiException - The api_key client option must be set either by passing api_key to the client or by setting the TOGETHER_AI_API_KEY environment variable,0.24031,0.0,True,structured_baseline
valid.00299,**exception raised**: litellm.AuthenticationError: AuthenticationError: Together_aiException - The api_key client option must be set either by passing api_key to the client or by setting the TOGETHER_AI_API_KEY environment variable,0.11465,0.0,True,structured_baseline
